wuhan,EPI.ISL.402123,2019.12.24
B.1.351,EPI.ISL.660190,2020.10.23
B.1.351,EPI.ISL.6838995,2020.08.14
B.1.351,EPI.ISL.10980369,2020.02.18
B.1.351,EPI.ISL.10980370,2020.02.24
B.1.351,EPI.ISL.700451,2020.10.20
B.1.351,EPI.ISL.2360937,2020.10.22
B.1.351,EPI.ISL.700438,2020.10.22
B.1.351,EPI.ISL.700492,2020.10.15
B.1.351,EPI.ISL.700469,2020.10.20
B.1.351,EPI.ISL.700478,2020.10.19
B.1.351,EPI.ISL.700551,2020.10.15
B.1.351,EPI.ISL.2802129,2020.10.07
B.1.351,EPI.ISL.2508437,2020.05.07
B.1.351,EPI.ISL.1191821,2020.09.01
B.1.351,EPI.ISL.2375933,2020.10.26
B.1.351,EPI.ISL.960134,2020.10.19
B.1.351,EPI.ISL.2621075,2020.10.28
B.1.351,EPI.ISL.2621070,2020.10.14
B.1.351,EPI.ISL.13600922,2020.10.10
B.1.1.7,EPI.ISL.8525870,2020.09.22
B.1.1.7,EPI.ISL.2206506,2020.10.08
B.1.1.7,EPI.ISL.634338,2020.10.21
B.1.1.7,EPI.ISL.13600833,2020.10.09
B.1.1.7,EPI.ISL.13596923,2020.09.29
B.1.1.7,EPI.ISL.13596901,2020.09.30
B.1.1.7,EPI.ISL.13596989,2020.09.30
B.1.1.7,EPI.ISL.601443,2020.09.20
B.1.1.7,EPI.ISL.581117,2020.09.21
B.1.1.7,EPI.ISL.606424,2020.10.15
B.1.1.7,EPI.ISL.13993571,2020.09.21
B.1.1.7,EPI.ISL.13993574,2020.09.21
B.1.1.7,EPI.ISL.634480,2020.10.21
B.1.1.7,EPI.ISL.13596877,2020.10.01
B.1.1.7,EPI.ISL.16520579,2020.09.19
B.1.1.7,EPI.ISL.2758533,2020.04.12
B.1.1.7,EPI.ISL.13596934,2020.09.29
B.1.1.7,EPI.ISL.3776297,2020.03.20
P.1,EPI.ISL.2466265,2020.12.23
P.1,EPI.ISL.2777385,2020.12.22
P.1,EPI.ISL.833138,2020.12.21
P.1,EPI.ISL.1068225,2020.12.23
P.1,EPI.ISL.833140,2020.12.23
P.1,EPI.ISL.1068149,2020.12.18
P.1,EPI.ISL.2777382,2020.12.03
P.1,EPI.ISL.1068150,2020.12.18
P.1,EPI.ISL.5645745,2020.08.07
P.1,EPI.ISL.2249440,2020.11.18
P.1,EPI.ISL.833169,2020.12.23
P.1,EPI.ISL.833172,2020.12.17
P.1,EPI.ISL.1111151,2020.12.17
P.1,EPI.ISL.10909973,2020.10.14
P.1,EPI.ISL.2777384,2020.12.07
P.1,EPI.ISL.1068114,2020.12.23
P.1,EPI.ISL.2612488,2020.04.23
P.1,EPI.ISL.918504,2020.12.21
P.1,EPI.ISL.15977585,2020.04.29
P.1,EPI.ISL.1708318,2020.12.21
B.1.617.2,EPI.ISL.4768056,2021.01.27
B.1.617.2,EPI.ISL.6025341,2021.01.15
B.1.617.2,EPI.ISL.1969243,2021.01.07
B.1.617.2,EPI.ISL.11803961,2021.01.08
B.1.617.2,EPI.ISL.16138280,2020.08.10
B.1.617.2,EPI.ISL.11803983,2021.01.08
B.1.617.2,EPI.ISL.11803970,2021.01.08
B.1.617.2,EPI.ISL.5592154,2021.01.15
B.1.617.2,EPI.ISL.5644705,2021.01.10
B.1.617.2,EPI.ISL.5888807,2021.01.17
B.1.617.2,EPI.ISL.7932310,2020.10.23
B.1.617.2,EPI.ISL.6463503,2020.09.11
B.1.617.2,EPI.ISL.4415505,2021.01.09
B.1.617.2,EPI.ISL.4415491,2021.01.09
B.1.617.2,EPI.ISL.4415478,2021.01.09
B.1.617.2,EPI.ISL.5726157,2021.01.08
B.1.617.2,EPI.ISL.11803869,2021.01.08
B.1.617.2,EPI.ISL.11803951,2021.01.08
B.1.617.2,EPI.ISL.11768209,2021.01.10
BA.1,EPI.ISL.12686895,2021.12.05
BA.1,EPI.ISL.11416047,2021.11.21
BA.1,EPI.ISL.9503595,2021.12.05
BA.1,EPI.ISL.8285588,2021.12.02
BA.1,EPI.ISL.6854348,2021.11.28
BA.1,EPI.ISL.6854346,2021.11.28
BA.1,EPI.ISL.12658866,2021.11.15
BA.1,EPI.ISL.9007956,2021.11.30
BA.1,EPI.ISL.15161601,2021.12.06
BA.1,EPI.ISL.7566360,2021.11.23
BA.1,EPI.ISL.7834572,2021.12.01
BA.1,EPI.ISL.10023502,2021.08.12
BA.1,EPI.ISL.11144995,2020.01.05
BA.1,EPI.ISL.7685061,2021.12.02
BA.1,EPI.ISL.11359781,2021.12.01
BA.1,EPI.ISL.9418902,2021.12.03
BA.1,EPI.ISL.7740761,2021.11.24
BA.1,EPI.ISL.7986439,2021.12.04
BA.1,EPI.ISL.7986436,2021.12.04
BA.2,EPI.ISL.14496067,2021.12.09
BA.2,EPI.ISL.8135280,2021.12.15
BA.2,EPI.ISL.13301405,2021.11.17
BA.2,EPI.ISL.9457985,2021.12.08
BA.2,EPI.ISL.9457967,2021.12.08
BA.2,EPI.ISL.9457968,2021.12.08
BA.2,EPI.ISL.9510093,2021.12.01
BA.2,EPI.ISL.14148085,2021.12.08
BA.2,EPI.ISL.14148093,2021.12.08
BA.2,EPI.ISL.14463125,2021.12.14
BA.2,EPI.ISL.14463144,2021.12.15
BA.2,EPI.ISL.8250225,2021.12.14
BA.2,EPI.ISL.8347538,2021.12.15
BA.2,EPI.ISL.8136091,2021.12.14
BA.2,EPI.ISL.8136749,2021.12.13
BA.2,EPI.ISL.8347064,2021.12.13
BA.4,EPI.ISL.13067677,2022.05.22
BA.4,EPI.ISL.13131458,2022.05.24
BA.4,EPI.ISL.16233208,2022.05.22
BA.4,EPI.ISL.16233220,2022.05.22
BA.4,EPI.ISL.13038062,2022.05.18
BA.4,EPI.ISL.13108175,2022.05.23
BA.4,EPI.ISL.13028203,2022.05.18
BA.4,EPI.ISL.14938522,2022.05.23
BA.5,EPI.ISL.13902278,2022.06.14
BA.5,EPI.ISL.13201498,2022.06.02
BA.5,EPI.ISL.13475295,2022.06.07
BA.5,EPI.ISL.14300658,2022.04.18
BA.5,EPI.ISL.13421386,2022.06.07
BA.5,EPI.ISL.14729048,2022.06.03
BA.5,EPI.ISL.13667933,2022.06.15
BA.5,EPI.ISL.13420987,2022.06.10
BA.5,EPI.ISL.13340323,2022.06.04
BA.5,EPI.ISL.13108154,2022.05.22
BA.5,EPI.ISL.13388305,2022.06.09
BQ.1,EPI.ISL.15612562,2022.10.14
BQ.1,EPI.ISL.15580709,2022.10.13
BQ.1,EPI.ISL.15580404,2022.10.13
BQ.1,EPI.ISL.14995164,2022.09.01
BQ.1,EPI.ISL.16698878,2022.09.16
BQ.1,EPI.ISL.15406902,2022.10.05
BQ.1,EPI.ISL.15367474,2022.09.30
BQ.1,EPI.ISL.15303798,2022.09.26
BQ.1,EPI.ISL.15474702,2022.10.11
BQ.1,EPI.ISL.14919403,2022.08.27
BQ.1,EPI.ISL.15580685,2022.10.13
BQ.1,EPI.ISL.15681995,2022.10.16
BQ.1.1,EPI.ISL.15453893,2022.10.01
BQ.1.1,EPI.ISL.15367331,2022.09.29
BQ.1.1,EPI.ISL.15386458,2022.10.04
BQ.1.1,EPI.ISL.15407298,2022.10.05
BQ.1.1,EPI.ISL.15407430,2022.10.01
BQ.1.1,EPI.ISL.15453890,2022.10.05
BQ.1,EPI.ISL.15303578,2022.09.24
BQ.1,EPI.ISL.15386450,2022.10.05
BQ.1,EPI.ISL.15475261,2022.10.07
BQ.1.1,EPI.ISL.15386271,2022.09.27
BQ.1.1,EPI.ISL.15453891,2022.10.05
BQ.1.1,EPI.ISL.15505757,2022.10.07
BQ.1.1,EPI.ISL.16698929,2022.09.26
BQ.1.1,EPI.ISL.15848736,2022.10.08
BQ.1.1,EPI.ISL.16698942,2022.09.18
BQ.1.1,EPI.ISL.16698952,2022.09.19
BQ.1.1,EPI.ISL.16830596,2022.09.19
BQ.1.1,EPI.ISL.16698922,2022.09.20
BQ.1.1,EPI.ISL.16698906,2022.09.19
BQ.1.1,EPI.ISL.16830593,2022.09.21
BF.7,EPI.ISL.14732374,2022.07.25
BF.7,EPI.ISL.14625153,2022.07.22
BF.7,EPI.ISL.14749568,2022.07.14
BF.7,EPI.ISL.14305051,2022.07.25
BF.7,EPI.ISL.14951467,2022.08.01
BF.7,EPI.ISL.14962337,2022.07.22
BF.7,EPI.ISL.14439442,2022.08.01
BF.7,EPI.ISL.14625042,2022.07.19
BF.7,EPI.ISL.14728207,2022.07.17
BF.7,EPI.ISL.14213953,2022.07.28
BF.7,EPI.ISL.14213654,2022.07.29
BF.7,EPI.ISL.14619377,2022.07.20
BF.7,EPI.ISL.14162274,2022.07.25
BF.7,EPI.ISL.13772646,2022.07.05
BF.7,EPI.ISL.13772208,2022.07.05
BA.2.75,EPI.ISL.14421716,2022.06.03
BA.2.75,EPI.ISL.13502559,2022.06.20
BA.2.75,EPI.ISL.13728140,2022.06.16
BA.2.75,EPI.ISL.14421715,2022.06.02
BA.2.75,EPI.ISL.13574681,2022.06.15
BA.2.75,EPI.ISL.13521515,2022.06.15
BA.2.75,EPI.ISL.13521516,2022.06.15
BA.2.75,EPI.ISL.13409385,2022.05.26
BA.2.75,EPI.ISL.13521486,2022.06.07
BA.2.75,EPI.ISL.13521521,2022.06.19
BA.2.75,EPI.ISL.13521476,2022.06.19
BA.2.75,EPI.ISL.13438623,2022.06.15
BA.2.75,EPI.ISL.13302209,2022.06.07
BA.2.75,EPI.ISL.13999079,2022.06.16
BA.2.75,EPI.ISL.13409465,2022.06.14
BA.2.75,EPI.ISL.13640161,2022.06.20
BN.1,EPI.ISL.15410820,2022.10.03
BN.1,EPI.ISL.15374216,2022.10.03
BN.1,EPI.ISL.15322489,2022.10.01
BN.1,EPI.ISL.15957448,2022.10.10
BN.1,EPI.ISL.15277506,2022.08.29
BN.1,EPI.ISL.15602408,2022.10.09
BN.1,EPI.ISL.15387532,2022.10.06
BN.1,EPI.ISL.15387544,2022.10.07
BN.1,EPI.ISL.15387536,2022.10.07
BN.1,EPI.ISL.15387540,2022.10.11
BN.1,EPI.ISL.15573153,2022.10.04
BN.1,EPI.ISL.15679004,2022.09.18
BN.1,EPI.ISL.15388647,2022.09.21
BN.1,EPI.ISL.15491693,2022.09.29
BN.1,EPI.ISL.15421164,2022.10.11
BN.1,EPI.ISL.15421136,2022.10.10
BN.1,EPI.ISL.15421195,2022.10.10
BN.1,EPI.ISL.15421181,2022.10.10
BN.1,EPI.ISL.15421192,2022.10.10
XBB.1,EPI.ISL.16199253,2022.10.18
XBB.1,EPI.ISL.15854839,2022.10.06
XBB.1,EPI.ISL.15430077,2022.10.09
XBB.1,EPI.ISL.16156958,2022.10.13
XBB.1,EPI.ISL.15455609,2022.10.10
XBB.1,EPI.ISL.15273284,2022.09.22
XBB.1,EPI.ISL.15854948,2022.10.17
XBB.1,EPI.ISL.16342458,2022.10.19
XBB.1,EPI.ISL.15518233,2022.10.02
XBB.1,EPI.ISL.15762403,2022.10.10
XBB.1,EPI.ISL.15743112,2022.10.12
XBB.1,EPI.ISL.15470560,2022.10.14
XBB.1,EPI.ISL.15380755,2022.10.03
XBB.1,EPI.ISL.15380681,2022.10.04
XBB.1,EPI.ISL.15297772,2022.09.25
XBB.1,EPI.ISL.15470896,2022.10.15
XBB.1.5,EPI.ISL.16001005,2022.11.25
XBB.1.5,EPI.ISL.16001089,2022.11.22
XBB.1.5,EPI.ISL.16001343,2022.11.21
XBB.1.5,EPI.ISL.15922257,2022.11.16
XBB.1.5,EPI.ISL.16001453,2022.11.23
XBB.1.5,EPI.ISL.16001752,2022.11.22
XBB.1.5,EPI.ISL.16001206,2022.11.21
XBB.1.5,EPI.ISL.15922297,2022.11.15
XBB.1.5,EPI.ISL.15922304,2022.11.17
XBB.1.5,EPI.ISL.15922223,2022.11.17
XBB.1.5,EPI.ISL.15922182,2022.11.17
XBB.1.5,EPI.ISL.15922328,2022.11.17
XBB.1.5,EPI.ISL.15922050,2022.11.18
XBB.1.5,EPI.ISL.15921946,2022.11.18
XBB.1.5,EPI.ISL.16001164,2022.11.26
XBB.1.5,EPI.ISL.15922406,2022.11.18
XBB.1.5,EPI.ISL.15922388,2022.11.19
XBB.1.5,EPI.ISL.16001241,2022.11.21
XBB.1.5,EPI.ISL.15851837,2022.11.13
XBB.1.5,EPI.ISL.15851810,2022.11.14
